{"cameraMode":{"drawMode":0,"name":"Shaded","section":"Shading Mode"},"sceneLighting":false,"audioPlay":false,"sceneViewState":{"showFog":true,"showMaterialUpdate":false,"showSkybox":true,"showFlares":true,"showImageEffects":true,"showParticleSystems":true},"in2DMode":false,"pivot":{"x":-27.522747039794923,"y":4.775240421295166,"z":9.652624130249024},"rotation":{"x":0.03790578246116638,"y":-0.6476578116416931,"z":0.032287199050188068,"w":0.7603026628494263},"size":122.1408920288086,"orthographic":false}