{"cameraMode":{"drawMode":0,"name":"Shaded","section":"Shading Mode"},"sceneLighting":false,"audioPlay":false,"sceneViewState":{"showFog":true,"showMaterialUpdate":false,"showSkybox":true,"showFlares":true,"showImageEffects":true,"showParticleSystems":true},"in2DMode":false,"pivot":{"x":-25.27083396911621,"y":3.977003574371338,"z":9.169790267944336},"rotation":{"x":0.04349808767437935,"y":-0.70513516664505,"z":0.04341974854469299,"w":0.7064043879508972},"size":115.09011840820313,"orthographic":false}