{"cameraMode":{"drawMode":0,"name":"Shaded","section":"Shading Mode"},"sceneLighting":true,"audioPlay":false,"sceneViewState":{"showFog":true,"showMaterialUpdate":false,"showSkybox":true,"showFlares":true,"showImageEffects":true,"showParticleSystems":true},"in2DMode":false,"pivot":{"x":9.602001190185547,"y":0.440673828125,"z":11.967704772949219},"rotation":{"x":-0.09109417349100113,"y":-0.7890450358390808,"z":0.12071849405765534,"w":-0.5954298973083496},"size":59.41550064086914,"orthographic":false}