{"cameraMode":{"drawMode":0,"name":"Shaded","section":"Shading Mode"},"sceneLighting":true,"audioPlay":false,"sceneViewState":{"showFog":true,"showMaterialUpdate":false,"showSkybox":true,"showFlares":true,"showImageEffects":true,"showParticleSystems":true},"in2DMode":false,"pivot":{"x":-102.57475280761719,"y":6.306216239929199,"z":19.484153747558595},"rotation":{"x":-0.0660720020532608,"y":0.7505149841308594,"z":-0.07591871917247772,"w":-0.6531448364257813},"size":59.41550064086914,"orthographic":false}