{"cameraMode":{"drawMode":0,"name":"Shaded","section":"Shading Mode"},"sceneLighting":true,"audioPlay":false,"sceneViewState":{"showFog":true,"showMaterialUpdate":false,"showSkybox":true,"showFlares":true,"showImageEffects":true,"showParticleSystems":true},"in2DMode":false,"pivot":{"x":-28.47148895263672,"y":-11.68002700805664,"z":-4.2768473625183109},"rotation":{"x":-0.13409492373466493,"y":0.6394445896148682,"z":-0.11458317190408707,"w":-0.7483314275741577},"size":47.125450134277347,"orthographic":false}