{"cameraMode":{"drawMode":0,"name":"Shaded","section":"Shading Mode"},"sceneLighting":true,"audioPlay":false,"sceneViewState":{"showFog":true,"showMaterialUpdate":false,"showSkybox":true,"showFlares":true,"showImageEffects":true,"showParticleSystems":true},"in2DMode":false,"pivot":{"x":-132.1856689453125,"y":-23.729053497314454,"z":1.4131431579589844},"rotation":{"x":0.06851615011692047,"y":-0.6721091866493225,"z":0.06268707662820816,"w":0.7346053719520569},"size":151.3129119873047,"orthographic":false}