{"cameraMode":{"drawMode":0,"name":"Shaded","section":"Shading Mode"},"sceneLighting":false,"audioPlay":false,"sceneViewState":{"showFog":true,"showMaterialUpdate":false,"showSkybox":true,"showFlares":true,"showImageEffects":true,"showParticleSystems":true},"in2DMode":false,"pivot":{"x":-67.27999877929688,"y":13.866107940673829,"z":29.03105354309082},"rotation":{"x":-0.06794361770153046,"y":0.9320328831672669,"z":-0.25525423884391787,"w":-0.2480800300836563},"size":15.06833553314209,"orthographic":false}