{"cameraMode":{"drawMode":0,"name":"Shaded","section":"Shading Mode"},"sceneLighting":false,"audioPlay":false,"sceneViewState":{"showFog":true,"showMaterialUpdate":false,"showSkybox":true,"showFlares":true,"showImageEffects":true,"showParticleSystems":true},"in2DMode":false,"pivot":{"x":-3.1305079460144045,"y":0.4814220666885376,"z":-10.273160934448243},"rotation":{"x":-0.15590815246105195,"y":0.6939870715141296,"z":-0.15796835720539094,"w":-0.6849238276481628},"size":35.143287658691409,"orthographic":false}