{"cameraMode":{"drawMode":0,"name":"Shaded","section":"Shading Mode"},"sceneLighting":false,"audioPlay":false,"sceneViewState":{"showFog":true,"showMaterialUpdate":false,"showSkybox":true,"showFlares":true,"showImageEffects":true,"showParticleSystems":true},"in2DMode":false,"pivot":{"x":-43.56223678588867,"y":3.9403750896453859,"z":11.909930229187012},"rotation":{"x":-0.013948041014373303,"y":-0.6146490573883057,"z":-0.010873803868889809,"w":0.7886024117469788},"size":197.33364868164063,"orthographic":false}