{"cameraMode":{"drawMode":0,"name":"Shaded","section":"Shading Mode"},"sceneLighting":false,"audioPlay":false,"sceneViewState":{"showFog":true,"showMaterialUpdate":false,"showSkybox":true,"showFlares":true,"showImageEffects":true,"showParticleSystems":true},"in2DMode":false,"pivot":{"x":-84.23851776123047,"y":-46.18666458129883,"z":-25.774749755859376},"rotation":{"x":0.170739084482193,"y":-0.7979756593704224,"z":0.26532626152038576,"w":0.5135025978088379},"size":107.40373229980469,"orthographic":false}