{"cameraMode":{"drawMode":0,"name":"Shaded","section":"Shading Mode"},"sceneLighting":false,"audioPlay":false,"sceneViewState":{"showFog":true,"showMaterialUpdate":false,"showSkybox":true,"showFlares":true,"showImageEffects":true,"showParticleSystems":true},"in2DMode":false,"pivot":{"x":6.260000228881836,"y":-1.0499999523162842,"z":-4.329999923706055},"rotation":{"x":0.07811085134744644,"y":-0.7222512364387512,"z":0.08269468694925308,"w":0.6822121739387512},"size":2.2463972568511965,"orthographic":false}