{"cameraMode":{"drawMode":0,"name":"Shaded","section":"Shading Mode"},"sceneLighting":false,"audioPlay":false,"sceneViewState":{"showFog":true,"showMaterialUpdate":false,"showSkybox":true,"showFlares":true,"showImageEffects":true,"showParticleSystems":true},"in2DMode":false,"pivot":{"x":-66.75466918945313,"y":13.695671081542969,"z":30.070112228393556},"rotation":{"x":0.13147719204425813,"y":-0.6091466546058655,"z":0.10330952703952789,"w":0.7752298712730408},"size":13.319549560546875,"orthographic":false}